<?xml version='1.0' encoding='utf-8'?>
<!DOCTYPE hibernate-configuration PUBLIC "-//Hibernate/Hibernate Configuration DTD//EN" 
"http://hibernate.sourceforge.net/hibernate-configuration-3.0.dtd">
<hibernate-configuration>
<session-factory>
		<property name="hibernate.connection.driver_class">
			com.mysql.jdbc.Driver
		</property>
		<property name="hibernate.connection.url">
			jdbc:mysql://localhost:8889/todolistDB
		</property>
		<property name="hibernate.connection.username">admin1</property>
		<property name="hibernate.connection.password">1234</property>
		<property name="show_sql">true</property>
		<property name="dialect">org.hibernate.dialect.MySQL5Dialect</property>
		<property name="hibernate.hbm2ddl.auto">update</property>

		<!-- Mapping files -->
		<mapping resource="todolistDB.hbm.xml"/>
</session-factory>
</hibernate-configuration>